id,deep
130,28
10,73
129,54
11,94
131,98
12,68
132,57
13,63
32,23
14,63
33,36
15,32
34,142
16,53
35,61
17,28
36,91
18,50
37,38
19,33
80,95
1,34
38,86
20,39
39,37
21,32
40,12
22,52
41,69
23,32
42,53
24,30
43,24
25,39
44,59
26,18
45,33
27,47
81,42
4,122
82,60
7,110
83,26
8,48
46,58
100,47
47,60
101,45
48,39
102,23
49,52
103,21
50,27
104,70
51,48
105,49
52,73
106,73
53,84
107,40
54,42
108,55
55,95
109,69
56,44
110,30
57,46
111,53
58,27
113,42
59,41
114,56
60,73
115,54
61,2
116,56
62,67
117,39
63,168
118,21
64,69
119,24
65,149
120,42
66,45
121,23
67,74
122,45
68,61
123,68
69,102
124,76
71,28
125,72
72,47
126,138
73,39
127,19
74,51
128,38
133,64
75,24
134,86
76,74
28,19
77,18
29,116
78,14
30,101
79,111
31,147
84,18
85,88
86,48
87,86
88,60
89,68
90,77
91,79
92,59
93,43
94,93
95,66
96,28
97,38
98,82
99,33
137,58
138,14
139,56
140,39
141,10
142,55
143,29
144,14
145,5
146,27
147,82
148,23
149,40
150,35
151,24
152,41
153,59
154,45
155,67
156,39
157,109
158,58
159,94
160,34
161,54
162,52
163,96
164,25
165,71
166,98
167,89
168,26
169,48
170,37
171,40
172,34
173,12
174,53
175,85
176,26
177,45
178,52
179,32
180,37
181,26
182,40
183,24
184,43
185,56
186,44
187,58
188,32
189,39
191,88
192,20
193,30
194,33
195,24
196,20
197,136
198,67
199,130
200,109
201,56
202,18
203,57
204,40
205,73
206,70
207,123
208,51
209,39
210,38
211,20
212,48
213,46
214,54
215,30
216,13
217,69
218,36
219,54
220,94
221,25
222,15
223,62
224,37
225,53
226,75
227,117
228,122
229,36
230,35
231,43
232,39
233,41
234,53
235,31
236,34
237,9
238,31
239,112
240,33
241,30
242,37
243,24
244,14
246,38
247,23
248,13
249,55
250,50
251,41
252,71
253,97
254,26
255,73
256,57
257,56
258,175
259,64
260,66
261,75
262,108
263,24
264,11
265,28
266,14
267,38
268,46
269,111
270,52
271,86
272,41
273,16
274,235
275,53
276,31
277,42
278,68
279,31
280,86
281,82
282,71
283,130
284,122
285,46
286,50
287,58
288,70
289,80
290,20
291,54
292,20
293,14
294,6
295,6
296,29
297,22
298,29
299,29
300,63
301,28
302,45
303,43
304,51
305,68
306,28
307,129
308,33
309,24
310,34
311,20
312,71
313,32
314,62
315,48
316,63
317,23
318,24
319,59
320,39
321,61
322,60
323,33
324,37
325,24
326,95
327,64
328,110
329,26
330,129
331,7
332,43
333,49
334,27
335,77
336,74
337,58
338,103
339,69
340,55
341,69
342,113
343,34
344,49
345,95
346,4
347,50
348,42
349,57
350,55
351,22
352,31
353,43
354,69
355,36
356,55
357,28
358,32
359,57
360,17
361,30
362,43
363,26
364,69
365,20
366,19
367,57
368,22
369,53
370,49
371,29
372,21
373,33
374,16
375,29
376,31
377,64
378,51
379,77
380,105
381,26
382,30
383,42
384,54
385,33
386,88
387,61
388,92
389,119
390,80
391,25
392,37
393,31
394,91
395,85
396,85
397,79
398,53
399,81
400,42
401,50
402,58
403,52
404,37
405,85
406,40
407,92
408,46
409,48
410,24
411,132
412,43
413,22
414,44
415,30
416,42
417,19
418,59
419,47
420,65
421,73
422,34
423,27
424,57
425,41
426,40
427,27
428,17
429,29
430,50
432,45
433,113
434,189
435,77
436,14
438,37
440,61
441,75
442,47
443,55
444,42
445,57
446,30
447,26
448,26
449,24
450,25
451,30
452,52
453,36
454,34
455,55
456,50
457,42
458,45
459,53
461,20
463,87
465,28
466,17
467,32
468,73
469,57
479,40
480,63
481,75
482,98
483,74
484,18
485,None
486,58
487,26
488,71
491,27
492,31
493,48
494,27
495,12
496,43
497,34
498,12
499,22
500,10
501,46
503,77
504,19
505,27
506,50
507,29
508,47
509,20
510,29
515,58
516,74
517,105
518,28
520,37
523,50
537,35
538,41
539,27
540,13
541,21
542,24
543,40
545,41
546,22
547,15
548,38
549,27
550,21
551,12
552,43
554,63
555,115
556,92
557,77
558,75
559,46
560,73
561,35
562,64
563,50
564,57
567,68
568,65
569,168
571,60
572,34
573,57
574,72
575,32
576,82
577,107
581,46
583,70
584,38
585,117
586,54
587,21
588,73
589,74
590,25
591,42
592,33
593,51
594,36
595,22
596,52
597,43
598,34
599,14
600,15
607,70
608,189
609,34
610,58
611,46
612,93
613,66
614,18
615,81
616,9
617,20
618,14
620,33
621,29
622,29
623,25
624,24
625,27
627,42
630,38
631,38
632,17
635,46
636,35
637,59
638,59
639,50
640,26
641,80
642,26
643,54
644,49
645,22
646,30
647,35
649,41
650,73
653,49
654,7
655,18
656,11
657,22
658,40
662,23
663,8
664,10
668,30
669,44
670,52
676,34
678,78
679,37
680,55
681,71
683,50
684,29
685,44
686,83
687,71
688,96
689,54
690,33
691,60
692,115
693,57
696,73
699,34
704,73
706,48
707,70
711,75
713,47
716,32
717,38
718,35
719,54
720,87
721,99
722,77
725,29
726,14
727,16
728,54
730,34
732,55
733,68
735,103
737,74
746,63
747,143
748,85
749,296
750,29
751,30
752,12
757,43
761,81
763,94
782,36
800,31
801,55
805,83
830,26
831,53
832,20
833,110
838,42
852,32
853,25
859,93
861,14
863,89
865,98
905,62
913,24
931,61
933,31
935,22
936,98
1017,60
1061,26
1094,73
1096,75
1106,69
1143,16
1144,31
1145,40
1146,26
1173,103
1174,141
1175,101
1177,34
1179,57
1180,40
1182,41
1184,79
1185,69
1186,None
1188,83
1233,28
1235,18
1236,9
1256,41
1257,91
1264,39
1326,10
1327,47
1328,13
1329,None
1330,None
1340,72
1350,152
1351,171
1352,87
1353,155
1354,177
1355,12
1357,50
1359,20
1361,34
1366,37
1368,93
1369,22
1412,26
1417,None
938,89
940,81
942,42
1428,None
1429,None
1430,None
1449,60
1450,125
1453,73
1455,26
1462,78
1463,30
1464,81
1465,47
1503,31
1504,55
1505,55
1506,11
1507,76
1508,43
1518,41
1545,70
1548,11
1549,24
1550,69
1551,55
1552,18
1557,80
1560,21
1561,94
1562,43
1563,45
1564,13
1613,31
1614,26
1615,13
1616,21
1624,38
1627,44
1628,67
1629,17
1657,10
1658,126
1659,68
1661,50
1662,52
1664,16
1709,47
1710,9
1711,28
1712,38
1724,134
1726,23
1750,26
1756,29
1758,61
1759,43
1761,49
1763,114
1764,33
1765,43
1766,85
1767,101
1768,149
1769,31
1827,88
1830,20
1831,121
1832,147
1836,13
1855,81
1867,32
1868,39
1871,7
1927,31
1938,19
1939,29
1963,36
1965,93
1967,41
1968,45
1969,34
1970,206
1971,60
2020,45
2022,36
2029,28
2044,90
2046,89
2049,99
2050,76
2051,90
2087,33
2088,29
2109,236
2110,73
2127,27
2141,70
2143,61
2145,48
2146,68
2147,37
2148,63
2159,19
2160,37
2161,11
2162,41
2163,22
2174,18
2175,140
2176,28
2177,99
2178,31
2179,56
2180,61
2181,16
2182,159
2198,15
2206,71
2207,70
2208,21
2210,65
2213,95
2215,41
2234,149
2236,246
2238,72
2239,57
2240,79
2253,51
2255,87
2256,100
2257,86
2259,46
2264,58
2265,44
2275,19
2277,50
2280,113
2281,53
2282,112
2309,79
2310,16
2311,47
2312,204
2313,107
2333,70
2334,20
2338,80
2352,48
2402,118
2445,70
2446,66
2447,55
2456,None
2457,76
2545,27
2546,66
2547,292
2615,39
2617,53
2699,42
2701,36
2702,62
2793,54
2795,41
2801,None
2803,34
2867,41
2868,46
2869,30
2870,42
2953,22
2970,33
2971,55
2973,52
3030,72
3031,39
3032,57
3033,111
3034,25
3122,16
3148,49
3149,48
3173,46
3174,44
3206,61
3207,27
3208,65
3209,34
3294,33
3295,99
3315,23
3318,155
3376,29
3378,84
3379,12
3446,25
3459,54
3460,31
3472,34
3503,38
3506,144
3507,84
3508,111
3535,23
3537,11
3538,27
3633,52
3656,121
3657,51
3684,133
3687,72
3688,62
3719,31
3720,41
3723,9
3826,75
3827,78
3850,103
3852,63
3860,76
3882,72
3883,115
3891,26
3892,48
3924,18
3925,19
3928,18
4001,None
4002,None
4019,13
4025,83
4043,79
4071,72
4072,33
4073,36
4074,19
4096,20
4098,20
4099,18
4156,None
4172,None
4191,88
4198,29
4199,94
4206,31
4227,48
4228,133
4229,80
4230,72
4248,32
4249,49
4250,73
4318,87
4319,30
4354,32
4356,77
4358,33
4370,31
4371,65
4372,16
4373,50
4374,60
4375,49
4438,98
4440,38
4442,51
4448,60
4449,65
4450,28
4451,144
4452,114
4486,56
4488,61
4493,132
4494,62
4496,29
4512,87
4514,72
4516,51
4517,43
4518,10
4519,33
4527,51
4529,80
4534,17
4535,12
4536,16
4537,17
4548,38
4550,53
4557,8
4558,10
4559,43
4560,66
4574,89
4575,20
4579,16
4615,37
4618,98
4628,108
4630,21
4635,54
4644,46
4660,40
4663,71
4694,30
4750,92
4753,109
4764,17
4766,18
4772,105
4812,47
4814,92
4816,80
4845,24
4853,56
4856,61
4865,10
4866,99
4867,57
4868,68
4886,48
4887,49
4931,69
4934,110
4944,37
4945,56
4946,72
4947,55
4952,23
4953,55
4954,22
5035,17
5037,31
5075,34
5107,45
5137,70
5141,48
5252,99
5254,42
5256,35
5258,31
5263,50
5297,70
5300,38
5310,84
5311,19
5312,69
5327,25
5328,47
5351,91
5365,48
5424,52
5426,23
5428,22
5460,29
5463,109
5471,29
5472,23
5500,62
5510,41
5514,45
5573,22
5575,37
5577,86
5604,35
5632,50
5681,151
5686,23
5707,64
5710,45
5728,70
5729,33
5741,86
5744,54
5752,43
5753,68
5757,27
5758,49
5801,128
5803,75
5807,18
5809,29
5819,49
5822,61
5837,60
5838,2
5839,118
5856,63
5859,73
5867,65
5917,17
5919,72
5921,75
5923,48
5933,98
5934,30
5960,38
6009,174
6011,30
6013,30
6021,42
6022,40
6023,19
6049,30
6097,43
6099,56
6101,30
6110,88
6111,125
6161,32
6181,67
6183,25
6185,28
6186,111
6188,40
6250,19
6252,52
6254,19
6256,41
6258,32
6284,45
6286,23
6337,30
6339,85
6341,78
6343,32
6345,25
6347,17
6370,27
6372,96
6373,127
6374,86
6375,87
6376,38
6378,66
6451,33
6453,45
6455,91
6456,51
6458,40
6460,46
6479,29
6492,29
6493,43
6494,99
6495,31
6496,22
6568,121
6570,57
6572,48
6574,21
6576,44
6593,67
6594,99
6596,182
6603,65
6616,84
6701,72
6703,43
6705,44
6706,55
6710,19
6730,94
6733,78
6865,69
6867,75
6869,76
6890,88
6891,69
6913,50
7039,48
7043,20
7044,26
7046,29
7048,51
7050,42
7054,64
7055,88
7056,60
7195,197
7197,34
7199,56
7201,30
7203,24
7205,45
7360,70
7364,21
7366,45
7368,36
7520,32
7522,41
7523,43
7525,20
7614,65
7616,18
7619,26
7677,26
7679,74
7681,40
7682,36
7684,36
7686,31
7752,43
7754,31
7757,57
7759,21
7808,57
7810,220
7812,46
7817,38
7883,19
7885,162
7887,11
7890,43
7971,22
7973,47
7975,26
7980,20
8057,53
8059,57
8061,27
8063,25
8065,27
8067,52
8166,71
8168,52
8170,36
8172,81
8174,45
8180,81
8285,18
8287,45
8289,35
8290,33
8292,32
8294,21
8296,16
8298,45
8300,16
8301,18
8313,13
8314,29
8315,29
8423,27
8425,50
8435,26
8439,50
8559,34
8561,70
8563,58
8581,65
8583,22
8585,39
8604,43
8614,30
8616,16
8673,38
8675,74
8677,87
8682,15
8684,36
8696,33
8698,39
8792,14
8794,83
8796,49
8798,33
8842,40
8844,39
8846,48
8848,48
8875,63
8896,20
8936,49
8938,17
8941,42
8943,21
8947,19
8990,76
8992,6
9015,18
9017,79
9019,13
9037,54
9038,35
9045,30
9049,46
9077,13
9125,27
9131,27
9133,42
9207,85
9208,80
9209,52
9236,34
9238,37
9240,24
9267,None
9270,None
9271,None
9272,None
9334,41
9336,60
9338,22
9407,85
9412,86
9448,24
9450,12
9452,21
9536,64
9538,43
10036,31
10038,88
10040,80
10042,17
10113,79
10126,38
10128,53
10130,11
10200,96
10202,46
10204,45
10270,72
10272,46
10350,97
10352,119
10354,47
10434,56
10436,58
10438,84
10500,72
10502,65
9659,34
9661,28
9734,76
9736,61
9738,22
9745,75
9903,75
9907,40
10558,60
10562,75
10564,19
10617,35
10619,38
10655,57
10657,29
10659,62
10709,56
10711,28
10713,66
10758,46
10760,43
10762,89
10768,30
10796,55
10798,22
10815,35
10824,64
10839,43
10841,35
10843,24
10868,21
10885,40
10888,29
10890,61
10892,62
10907,95
10926,63
10929,121
10931,61
10933,175
10935,21
10966,80
10969,43
10971,128
10973,85
10975,51
11002,18
11005,64
11008,50
11010,50
11012,100
11040,17
11043,19
11045,23
11047,44
11074,10
11077,39
11080,128
11082,32
11084,22
11108,37
11111,41
11113,39
11115,91
11149,57
11150,60
11151,14
11152,28
11153,84
11154,43
11155,30
11157,48
11159,41
11161,66
11193,35
11195,24
11197,67
11199,152
11211,19
11238,16
11240,34
11242,109
11250,26
11251,17
11252,18
11253,23
11254,12
11279,33
11281,73
11283,150
11284,37
11316,38
11318,67
11325,97
11352,30
11354,48
11356,81
11368,18
11372,17
11403,104
11405,156
11407,78
11424,26
11456,81
11458,42
11460,22
11476,56
11508,118
11510,45
11512,109
11525,23
11546,17
11549,34
11551,57
11557,222
11564,26
11568,35
11578,10
11580,13
11582,9
11590,57
11594,25
11610,51
11613,18
11630,44
11633,27
11655,40
11658,96
11672,17
11676,71
11678,148
11708,64
11723,23
11728,14
11729,5
11756,19
11765,19
11772,33
11775,11
11815,72
11816,20
11848,66
11869,36
11888,35
11889,113
11890,68
11909,39
11910,12
11911,27
11912,21
11913,18
12148,146
12150,115
12151,85
12152,69
12153,106
12154,103
12155,56
12156,38
12208,147
12210,166
12211,139
12212,60
12230,84
12231,93
12232,86
12233,106
12234,47
12255,98
12256,88
12257,67
12258,69
12259,84
12260,58
12279,108
12280,79
12282,124
12283,66
12284,111
12301,83
12302,112
12303,87
12304,62
12305,64
12313,268
12314,168
12315,81
12331,34
12332,56
12333,29
12334,15
12335,57
12485,67
12486,35
12487,73
12489,98
12490,78
12703,33
12704,14
12725,84
12726,34
12727,54
12764,35
12776,11
12777,13
12816,42
12817,35
12818,19
12836,32
12837,29
12838,13
13146,28
13148,3
13149,55
13150,28
13184,19
13192,25
13193,99
13194,60
13197,14
13364,19
13365,15
13769,59
13771,20
13772,54
13773,32
13774,55
13831,35
13867,28
13868,11
13869,68
13871,107
14112,69
14148,48
14149,61
14151,103
14152,109
14918,59
14920,101
15025,43
15027,44
15070,47
15072,55
15121,75
15123,None
15125,39
15168,49
15170,None
15172,20
15224,41
15225,57
16088,119
16790,42
16992,80
16994,46
16995,26
16996,61
17017,42
17018,54
17019,63
17020,30
17022,22
17039,56
17040,72
17052,49
17053,22
17277,27
17363,24
17422,70
17444,42
17445,172
17446,63
17523,3
18481,30
18485,183
18529,73
18530,23
18531,62
18566,158
18569,26
18577,41
19030,64
19032,84
19117,103
19652,136
19653,85
19706,71
19707,60
19708,25
19775,40
19776,15
19777,290
19778,25
19779,204
19780,34
19864,66
19866,123
19867,37
19869,42
19952,38
20039,159
20041,81
20043,131
20136,41
20138,43
20140,64
20260,33
20261,60
20263,87
20264,61
20265,35
20266,36
20408,68
20409,30
20410,35
20411,41
20412,24
20413,38
20543,96
20544,123
20545,73
20546,53
20547,34
20548,25
20661,22
20667,76
20762,46
20764,51
20765,55
21382,26
21479,43
21481,29
21483,35
21586,61
21663,83
21737,66
21739,3
21812,31
21814,11
21816,11
21879,74
21947,16
21949,64
22006,14
22008,24
22071,94
22173,18
22175,21
22237,36
22239,7
22305,16
22307,7
22380,7
22382,17
22384,32
22445,66
22447,51
22509,13
22511,34
22513,78
22587,62
22589,48
22591,37
22677,11
22679,23
22681,34
22764,10
22766,60
22768,11
22830,31
22832,75
22893,31
22895,62
22897,26
22963,72
22965,20
22967,20
23040,39
23109,39
23111,32
23113,15
23220,26
23222,131
23224,41
23334,40
23336,17
23338,29
23441,39
23442,59
23443,67
23444,17
23445,63
23539,68
23540,58
23541,30
23542,66
23543,72
23630,59
23631,40
23632,53
23633,98
23634,92
24554,167
24555,136
30379,41
30529,25
30530,52
30805,24
31172,43
31173,23
31174,14
31412,9
31413,77
31414,12
31416,16
31417,104
31418,56
31434,40
31622,30
31623,62
31640,82
31641,36
31677,31
32069,43
32072,24
32078,13
32124,7
32126,20
32128,77
32136,42
32137,44
32138,61
32139,37
32160,47
32196,44
32198,132
32222,29
32226,13
32228,13
32266,61
32267,41
32291,27
32319,114
32320,60
32347,98
32348,51
32350,110
32351,106
32352,55
32519,82
32520,83
32521,43
32522,25
32523,18
32534,33
32535,20
32536,33
32537,24
32550,92
32551,63
32552,36
32553,45
32554,77
32555,15
32560,29
32561,60
32596,85
32598,26
32600,45
32651,37
32654,86
32724,96
32725,42
32726,78
32728,78
32736,5
32737,6
32738,11
32753,21
32754,20
32755,40
32792,48
32794,52
32833,74
32849,9
32910,120
32911,43
32912,31
32913,52
32920,22
32922,52
32923,82
32925,12
32937,25
32991,37
33023,9
33035,13
33037,87
33038,30
33054,86
33083,27
33087,20
33091,28
33108,30
33136,49
33139,49
33158,30
33161,36
33242,26
33243,60
33244,47
33252,55
33295,12
33296,29
33299,7
33300,40
33316,24
33348,100
33349,88
33350,61
33351,50
33352,106
33371,63
33375,64
33376,79
33461,13
33514,27
33563,61
33565,51
33581,85
33582,21
33583,32
33593,45
33594,31
33596,17
33607,42
33712,104
33713,27
33717,56
33725,3
33727,23
33728,16
33753,25
33757,25
33760,38
33762,45
33791,59
33801,32
33806,90
33848,88
33849,28
33850,43
33851,114
33852,28
33858,37
33897,121
33899,64
33934,38
33935,101
33967,60
33968,68
33969,32
33970,41
33971,107
34050,41
34082,19
34083,24
34084,96
34085,38
34086,94
34087,128
34158,78
34201,57
34202,122
34203,26
34228,163
34301,66
34303,57
34305,134
34345,43
34347,32
34348,43
34356,119
34358,134
34385,119
34387,82
34389,92
34468,69
34469,34
34470,40
34471,18
34473,27
34474,56
34483,109
34485,85
34489,125
34491,36
34492,60
34516,106
34614,39
34615,14
34618,63
34619,34
34640,67
34766,35
34767,253
34768,82
34780,53
34915,29
34916,38
34917,51
34918,70
34919,149
34935,72
34941,25
35066,18
35068,13
35069,38
35070,39
35071,27
35078,40
35159,18
35214,31
35215,41
35216,42
35217,92
35337,14
35338,36
35339,12
35340,27
35341,94
35473,23
35475,31
35587,59
35588,68
35592,77
35712,27
35713,38
35714,22
35715,60
35716,27
35799,62
35800,77
35801,71
35802,58
35803,25
35902,19
35905,49
35906,46
35907,75
35908,50
36010,18
36011,49
36012,116
36013,73
36099,99
36100,82
36102,101
36104,40
36179,100
36188,105
36251,73
36253,70
36255,41
36305,69
36460,102
36520,21
36589,95
36591,80
36631,35
36694,25
36842,76
36844,33
36846,78
36953,24
36954,16
36955,21
36956,30
36958,45
37005,35
37007,73
37009,43
37080,25
37116,58
37118,78
37120,91
37187,62
37189,None
37191,113
37240,87
37242,67
37244,103
37377,67
37379,64
37381,259
37429,148
37498,86
37500,49
37502,51
37584,73
37676,86
37678,44
37680,45
37682,92
37748,50
37750,36
37821,47
37823,176
37908,9
37912,73
37914,3
38014,40
38016,118
38018,63
38159,130
39553,34
42262,63
42483,38
42705,70
42880,4
42884,10
43134,33
43259,220
43379,73
43381,53
43382,44
43383,71
43527,31
43528,37
43529,68
43532,123
43690,77
43691,44
43692,114
43693,71
43694,58
43695,65
43696,25
43875,86
43876,84
43877,77
43878,55
44069,45
44071,87
44073,26
44262,30
44263,46
44264,65
44265,49
44266,36
44452,30
44453,65
44454,21
44455,37
44618,66
44621,32
44622,71
44623,83
44624,49
44758,30
44759,56
44760,43
44761,58
44762,45
44881,26
44984,63
44985,40
44986,47
44987,139
44988,15
45081,49
45082,44
45083,32
45084,49
45085,31
45208,38
45209,100
45211,62
45212,23
45333,68
45336,54
45337,39
45338,5
45479,14
45480,6
45648,26
46238,53
46581,19
46638,78
46639,91
46728,53
46730,28
46734,40
46868,18
46870,53
46871,18
46872,41
46875,61
46876,137
46878,49
46879,88
46880,50
47056,None
47065,134
47067,66
47185,18
47457,35
47458,36
48617,107
48695,52
48699,44
48774,58
48775,78
48837,41
48867,53
48869,48
48870,40
48928,46
48929,99
48931,33
48933,35
48950,114
48951,38
48952,42
48972,100
49015,35
49016,27
49017,46
49018,41
49019,24
49020,17
49043,81
49044,8
49045,41
49046,31
49047,38
49079,46
49081,48
49082,45
49083,40
49084,59
49140,8
49141,13
49142,73
49143,64
49145,36
49226,92
49228,33
49230,75
49401,17
49402,34
49404,57
49406,85
49596,21
49597,60
58829,112
58852,41
59344,18
59347,32
59464,35
59343,18
59438,33
59449,41
59456,24
59458,36
59461,37
59468,19
59543,23
59555,16
59559,57
59641,52
59645,34
59649,20
59657,16
59661,29
59666,77
59669,63
59672,43
59775,28
59783,52
59787,29
59795,10
59799,76
59802,27
59805,85
59808,75
59926,60
59928,85
59939,19
59948,19
59952,14
59954,20
59957,76
59962,42
59965,75
60104,32
60107,43
60115,64
60119,44
60129,25
60135,26
60140,15
60286,140
60290,46
60299,36
60313,22
60316,34
60319,33
60322,56
60446,66
60455,48
60466,26
60470,10
60478,94
60482,16
60639,37
60642,73
60643,82
60644,95
60666,19
60670,72
60673,51
60841,56
60844,39
60845,40
61024,70
61140,83
107922,35
113668,43
114602,20
118039,150
122728,97
135319,79
138519,29
140105,50
60655,49
60861,18
60868,82
61133,15
61137,20
61139,138
61141,42
61142,32
61143,55
61144,60
61228,9
61233,61
61234,80
61235,95
61476,16
61552,18
61795,19
64720,49
74363,35
74470,130
92581,40
94616,30
94619,35
94629,29
94648,50
97048,38
99838,204
99904,117
143711,36
143712,65
143713,77
143749,102
143750,88
143751,61
143951,102
144254,85
145900,52
145902,77
155849,53
155992,97
156215,129
164199,76
164230,74
164233,58
164263,55
164309,80
164311,110
164314,86
164316,29
164344,49
164348,52
164349,70
164351,64
164353,56
164355,67
164390,33
164392,68
164396,30
164398,105
164440,92
164442,33
164444,69
164445,36
164447,47
164506,64
164508,77
164510,112
164511,24
164513,87
164515,100
164517,103
164594,93
164596,59
164598,80
164600,61
164602,33
166616,36
167103,45
167104,115
167105,49
167176,34
167177,27
167802,97
167803,92
167807,32
167911,18
167912,28
167973,100
167974,167
168031,154
168032,322
168033,33
168086,46
167871,16
169194,24
169447,37
169644,31
169824,2
169826,7
169828,23
169888,3
169890,None
169892,62
169944,76
169946,96
169984,97
169986,48
169988,93
170026,57
170028,123
170040,173
170042,81
170091,29
170092,28
170093,68
170107,67
170109,188
170111,92
170171,97
170172,37
170174,77
170182,58
170184,76
170186,48
170188,47
170249,113
170250,119
170252,64
170261,43
170263,32
170265,70
170308,184
170309,62
170312,93
170318,52
170320,84
170322,42
170355,20
170361,75
170363,56
170365,64
170441,28
170442,24
170473,8
170476,71
170521,22
170523,25
170535,46
170569,40
170571,35
170678,116
170680,15
170695,49
170697,111
170722,100
170724,13
170732,69
170734,67
170766,17
170768,9
170806,81
170808,45
170809,58
170858,118
170860,34
170989,85
170991,47
171036,39
171063,79
171100,102
171102,30
171114,194
171141,118
171171,35
171173,51
171220,89
171222,25
171251,27
171305,45
171331,31
171398,71
171427,35
171485,61
171497,73
171555,73
171571,145
171588,46
171658,84
171664,40
171666,45
171680,110
171682,67
171684,41
171733,45
171769,123
171783,26
171808,24
171810,34
171867,83
171884,32
171888,24
171890,58
171908,80
171930,51
171940,145
171991,None
172040,22
172042,59
172084,42
172086,59
172115,69
172136,75
172200,47
172345,68
172347,106
172349,84
172533,64
172540,103
172636,66
172843,51
172847,42
172907,55
172960,54
172962,33
172964,69
173065,70
173079,43
173178,74
173182,71
173569,125
173571,98
173693,85
173695,108
173751,65
173753,60
173755,48
173626,56
173814,130
173964,90
173970,93
174032,70
174345,17
174346,81
174417,11
174420,67
174425,108
174600,22
175482,23
175559,61
175560,48
175561,58
175562,42
175563,35
175564,50
175690,73
175691,134
175755,54
175756,58
177544,41
177609,36
177626,34
177627,50
177628,27
177632,31
177635,178
177637,66
177639,101
177664,42
177666,93
177668,None
177699,59
177706,73
177708,39
177710,33
177728,54
177733,12
177743,159
177745,191
177747,201
177749,32
177751,44
177753,44
177780,54
177782,72
177784,83
177818,25
177822,79
177824,61
177826,73
177828,38
177874,55
177875,199
177876,130
177877,27
177889,138
177891,201
177893,213
177895,35
177897,165
177899,123
177919,67
177921,76
177934,102
177938,42
177991,93
177992,40
177993,23
177994,19
177995,21
178011,87
178013,133
178015,50
178036,208
178038,65
178040,103
178045,42
178049,96
178113,9
178114,90
178115,None
178117,21
178135,35
178144,91
178261,66
178262,31
178263,44
178264,30
178289,66
178293,60
178409,33
178410,72
178411,31
178412,44
178413,18
178437,117
178550,36
178551,31
178552,48
178553,50
178576,69
178580,98
178710,45
178711,42
178712,59
178713,43
178714,57
178715,111
178741,83
178874,32
178875,30
178876,8
178877,19
178878,26
178879,38
178896,116
178900,146
178979,8
178980,10
178981,72
178982,48
178983,20
178984,74
178998,55
179036,10
179037,41
179038,99
179039,89
179040,46
179048,55
179069,8
179070,8
179072,23
179073,22
179074,9
179081,44
179085,24
179096,4
179097,38
179098,55
179099,40
179108,97
179119,112
179120,20
179121,153
179122,108
179123,28
179124,20
179131,68
179135,50
179138,22
179140,88
179141,16
179148,45
179149,71
179150,5
179151,6
179152,49
179160,34
179182,23
179183,5
179184,2
179193,44
179224,53
179243,47
179246,65
179265,49
179283,44
180701,79
181712,71
181715,44
181718,40
181721,19
181724,74
181728,67
181732,102
181733,69
181742,82
181747,30
181750,24
181762,53
181765,21
181780,94
181795,48
181799,49
181806,10
181821,21
181878,29
181879,104
181880,107
181881,26
181882,12
181884,55
181889,12
181890,28
181891,41
181892,66
181894,51
181895,36
181896,50
181897,81
181898,63
181900,46
181901,23
181908,90
181909,75
181910,15
181911,92
181913,58
181915,58
181912,56
181914,35
181916,17
181917,18
181918,31
181920,18
181921,116
181922,31
181925,51
181926,21
181927,31
181928,None
181929,31
181930,14
181931,21
181932,36
181933,63
181934,74
181935,53
181941,75
181942,63
181946,66
181950,67
181953,41
181954,47
181955,51
181957,51
181965,47
181966,13
181969,31
181970,24
181971,52
181973,30
181981,35
181982,14
181983,18
181984,15
181985,65
181988,39
181992,49
181993,16
181996,21
182008,18
182024,15
182145,143
182148,21
182201,18
182222,128
182225,140
182227,61
182230,61
182294,47
182312,36
182317,94
182365,224
182369,50
182379,97
182382,231
182386,20
182389,107
182443,27
182446,73
182449,50
182498,32
182504,65
182543,38
182544,33
182545,33
182559,49
182563,35
182566,66
182570,39
182606,45
182607,75
182608,71
182609,42
182610,26
182619,130
182625,10
182661,117
182665,30
182667,59
182670,66
182707,95
182710,74
182711,71
182715,28
182740,32
182741,20
182742,35
182752,50
182757,53
182760,19
182778,37
182779,25
182780,29
182781,16
182782,35
182783,46
182789,71
182793,129
182797,129
182806,22
182807,23
182815,56
182818,109
182821,100
182833,28
182834,38
182835,27
182836,33
182837,40
182862,19
182863,21
182864,22
182865,36
182866,41
182867,47
182894,19
182895,28
182896,18
182897,67
182898,33
182899,26
182923,26
182924,29
182925,21
182926,34
182927,33
182928,31
182946,14
182947,36
182948,28
182949,22
182950,31
182951,26
182952,16
182963,26
182964,24
182965,63
182966,49
182967,25
182968,56
182981,24
182982,15
182983,18
182984,23
182985,13
182986,13
182998,12
182999,23
183000,20
183001,26
183002,24
183015,18
183016,35
183017,64
183018,35
183019,25
183020,36
183021,15
183029,43
183033,71
183034,87
183035,18
183039,38
183043,63
183047,106
183051,91
183055,105
183059,74
183063,126
183067,134
183772,76
183855,81
185584,54
185585,14
185595,31
185596,19
185597,26
185598,29
185608,66
185609,24
185610,22
185611,32
185612,30
185622,19
185623,24
185624,51
185625,33
185626,28
185635,23
185636,27
185637,44
185638,15
185639,25
185647,43
185648,29
185649,34
185650,43
185656,40
185657,28
185658,35
185661,22
185662,11
185663,18
185664,12
185665,37
185671,25
185672,57
185673,17
185674,34
185675,13
185676,22
185679,17
185680,30
185685,29
185686,14
185687,14
185688,12
185689,18
185690,26
185691,16
185692,15
185693,19
185694,23
185695,24
185696,22
185697,18
185698,14
185699,38
185700,37
185701,15
185702,13
187426,59
187448,82
187449,90
187437,41
187450,93
187457,179
187471,46
187491,29
187494,31
187496,21
187497,70
187499,45
187500,49
187501,86
187502,44
187503,65
187504,69
187505,71
187506,38
187509,38
187510,25
187511,23
187512,22
187513,136
187514,123
187515,167
187516,172
187517,130
187520,20
187521,103
187524,105
187525,98
187526,185
187527,60
187528,86
187546,75
187571,122
187572,69
187573,56
187574,78
187575,75
187576,110
187584,48
187594,39
187596,132
187615,140
187619,60
187622,62
187625,78
187627,52
187628,105
187629,16
187630,6
187631,26
187635,75
187637,53
187643,80
187645,56
187647,41
187650,202
187652,123
187654,40
187656,94
187658,57
187662,95
187666,153
187667,99
187668,59
187669,124
187670,76
187671,64
187673,121
187677,40
187678,41
187679,40
187680,30
187681,51
187682,160
187683,163
187684,102
187686,40
187687,52
187688,149
187689,23
187690,21
187693,51
187696,58
187697,111
187698,97
187699,155
187700,73
187711,27
187718,201
187721,61
187744,170
187745,39
187746,66
187747,48
187748,90
187749,155
187750,56
187758,49
187764,41
187766,17
187768,19
187770,73
187772,9
187792,73
187796,139
187800,120
187802,37
187804,52
187806,160
187808,100
187810,38
187811,78
187812,107
187813,93
187814,43
187827,23
187829,42
187831,42
187834,16
187838,62
187842,26
187846,67
187849,30
187850,49
187851,104
187852,59
187853,60
187854,85
187858,26
187860,28
187861,25
187862,60
187863,35
187864,41
187865,33
187868,26
187869,62
187870,96
187871,35
187874,49
187898,40
187901,39
187919,28
187920,31
187921,23
187922,26
187933,28
187938,63
187943,73
187947,34
187956,49
187958,60
187962,54
187964,98
187966,61
187968,100
187970,61
187971,6
187972,57
187990,39
187992,41
187996,32
188003,53
188005,42
188007,77
188009,80
188010,45
188013,76
188018,58
188022,42
188023,46
188024,43
188025,54
188026,23
188027,60
188028,53
188029,70
188030,88
188034,91
188038,212
188052,24
188073,32
188077,30
188099,103
188105,33
188107,54
188110,89
188112,91
188132,30
188135,94
188138,46
188144,35
188155,74
188165,73
188169,52
188189,97
188193,81
188233,24
188235,25
188267,65
188269,66
188271,14
188274,28
188278,16
188282,56
188292,22
188296,34
188306,83
188328,36
188368,109
188370,85
188371,20
188381,17
188393,21
188395,75
188396,19
188414,53
188425,49
188429,44
188471,107
188488,22
188501,64
188503,104
188505,46
188506,154
188509,219
188518,63
188522,31
188529,113
188532,89
188541,20
188549,12
188584,78
188586,26
188603,145
188605,63
188607,43
188609,23
188612,156
188614,85
188618,31
188623,19
188633,126
188637,79
188640,58
188644,69
188666,32
188668,108
188670,78
188684,42
188686,31
188688,93
188690,15
188694,53
188698,58
188702,71
188705,68
188709,12
188716,85
188722,36
188733,24
188748,53
188750,70
188753,108
188756,64
188759,45
188765,187
188769,36
188773,111
188777,6
188780,86
188784,39
188787,84
188791,23
188803,182
188805,74
188807,39
188822,66
188828,15
188831,63
188839,13
188843,77
188847,53
188859,26
188865,29
188877,37
188879,182
188895,182
188898,50
188901,94
188910,71
188914,29
188918,54
188925,41
188929,105
188933,64
188943,36
188949,74
188951,37
188953,39
188964,8
188966,25
188970,75
188973,120
188981,22
188999,13
189002,18
188985,15
189003,22
189007,32
189021,74
189023,31
189026,90
189032,129
189034,24
189036,73
189038,27
189040,59
189043,116
189050,15
189059,27
189068,54
189071,17
189082,46
189084,37
189093,66
189095,61
189099,84
189102,37
189123,115
189142,78
189144,126
189149,48
189158,93
189097,18
189127,27
189146,36
189151,154
189153,36
189171,82
189176,98
189180,59
189181,106
189185,18
189198,134
189200,28
189202,29
189205,100
189207,133
189209,54
189212,80
189229,60
189241,84
189243,24
189245,46
189248,14
189250,26
189252,64
189254,25
189257,120
189268,17
189273,20
189278,62
189287,55
189289,46
189291,61
189295,102
189297,67
189301,95
189304,27
189313,16
189315,6
189318,22
189323,28
189326,14
189328,136
189331,103
189335,73
189340,64
189345,32
189350,30
189355,21
189358,11
189360,149
189362,37
189370,43
189373,55
189377,42
189387,40
189391,21
189392,58
189394,14
189396,30
189399,79
189402,55
189409,58
189413,26
189418,18
189421,34
189423,29
189425,153
189427,63
189430,103
189436,38
189440,33
189444,42
189446,43
189448,35
189451,47
189465,11
189473,75
189475,29
189476,47
189479,40
189485,11
189489,78
189494,59
189495,44
189496,51
189498,86
189500,17
189502,22
189504,127
189507,80
189516,28
189520,8
189521,38
189525,75
189526,66
189527,67
189528,20
189529,45
189532,80
189534,38
189536,109
189538,78
189550,56
189554,77
189558,58
189560,57
189562,56
189564,68
189566,40
189576,35
189582,6
189585,147
189588,127
189589,32
189590,48
189593,39
189594,82
189596,95
189598,61
189599,68
189602,156
189611,6
189619,45
189620,14
189621,47
189622,6
189623,56
189616,42
189624,39
189625,20
189631,44
189632,44
189633,15
189634,23
189635,37
189637,38
189639,79
189641,98
189644,48
189647,85
189655,55
189659,22
189660,57
189661,42
189662,55
189663,90
189664,21
189665,18
189669,25
189670,70
189674,15
189677,43
189678,66
189682,150
189691,21
189694,33
189699,61
189703,72
189704,29
189705,14
189706,16
189707,58
189711,16
189713,58
189714,53
189715,100
189716,105
189717,53
189721,126
189724,65
189733,40
189737,29
189740,51
189741,145
189744,52
189750,37
189751,149
189752,41
189753,35
189754,57
189755,21
189756,10
189757,16
189763,39
189764,24
189765,45
189767,23
189768,41
189769,40
189776,223
189779,165
189788,10
189792,30
189793,23
189797,37
189799,66
189800,111
189803,92
189804,37
189805,10
189806,28
189807,3
189808,8
189809,16
189810,33
189816,37
189817,61
189818,26
189819,91
189820,76
189827,59
189840,70
189845,71
189849,62
189850,101
189851,112
189852,90
189855,20
189856,25
189857,12
189858,60
189859,20
189860,45
189867,55
189868,31
189870,142
189871,33
189891,45
189869,26
189872,45
189886,47
189895,76
189898,19
189901,41
189913,53
189914,15
189915,33
189916,98
189917,44
189918,38
189919,53
189926,55
189927,14
189929,7
189932,38
189941,19
189950,13
189953,17
189968,62
189969,50
189972,40
189975,137
189976,40
189997,20
190001,21
190005,14
190018,27
190022,22
190030,27
190036,9
190040,15
190044,34
190072,43
190073,23
190093,53
190100,22
190104,14
190113,22
190118,39
190120,30
190130,59
190140,23
190150,49
190161,75
190165,17
190217,30
190229,51
190230,16
190231,145
190232,75
190245,25
190263,127
190267,85
190270,56
190271,24
190272,36
190273,37
190274,24
190275,45
190283,71
190287,156
190289,81
190300,29
190303,38
190308,11
190314,45
190316,29
190318,41
190320,32
190327,124
190329,35
190332,50
190334,26
190336,19
190338,164
190340,31
190343,20
190346,95
190348,82
190351,47
190353,93
190355,31
190356,36
190359,264
190361,81
190372,125
190377,106
190384,156
190386,80
190392,87
190394,122
190404,34
190417,44
190420,82
190432,52
190433,51
190434,96
190444,142
190445,179
190446,40
190447,60
190448,74
190449,70
190458,71
190459,195
190460,32
190461,17
190462,73
190463,33
190464,122
190473,62
190474,58
190485,37
190486,147
190487,48
190488,54
190489,93
190490,22
190500,35
190501,35
190502,45
190503,27
190504,73
190509,84
190510,71
190511,33
190512,90
190611,45
190624,25
190626,42
190628,58
190642,25
190644,35
190646,55
190667,35
190669,49
190671,22
190761,101
190763,63
190764,53
190775,46
190776,25
190777,60
190778,13
190779,20
190797,31
190798,52
190799,56
190800,66
190801,21
190802,21
190808,21
190809,49
190810,34
190811,51
190812,125
190813,27
190827,15
190828,128
190829,158
190830,54
190841,49
190842,31
190843,25
190844,159
190845,19
190846,107
190847,29
190854,53
190855,21
190856,25
190857,35
190858,67
190859,59
190863,111
190864,65
190865,99
190866,48
190867,90
190868,25
190869,43
190870,95
190871,54
190872,18
190874,56
190875,62
190876,22
190877,75
190878,40
190879,42
190880,63
190881,22
190882,15
190883,34
190885,66
190886,60
190947,59
190949,34
190951,62
190963,25
190964,27
190965,30
190966,18
190977,119
190979,51
190980,84
190981,122
190982,102
190993,73
190995,40
190996,63
190997,293
190998,127
191000,55
191001,78
191002,45
191003,103
191026,107
191027,119
191063,69
191065,70
191135,85
191141,131
191142,103
191996,61
191997,23
192173,66
192174,35
192176,31
192309,59
192310,234
192311,105
192814,48
192975,47
192976,91
193022,15
193023,18
193080,37
193107,14
193108,38
193131,32
193133,26
193134,63
193141,5
193148,44
193149,18
193154,48
193163,29
193169,29
193203,16
193204,46
193206,69
193213,43
193282,121
193285,23
193286,41
193291,42
193296,51
193314,63
193386,46
193387,30
193388,61
193389,52
193393,42
193399,59
193512,72
193513,71
193514,48
193515,32
193517,34
193645,85
193647,39
193649,50
194392,96
194393,13
194394,108
194396,69
194397,78
194428,48
194429,49
194430,36
194431,49
194432,55
194435,76
194436,74
194437,74
194455,25
194456,32
194457,31
194458,50
194459,13
194465,27
194466,72
194467,106
194468,22
194469,72
194482,61
194483,54
194484,47
194489,90
194491,72
194490,51
194492,78
194503,39
194504,42
194505,41
194506,25
194507,43
194509,83
194510,57
194511,73
194512,82
194521,39
194522,76
194524,92
194525,36
194526,57
194527,67
194528,47
194531,59
194532,37
194533,26
194534,56
194535,50
194536,26
194537,82
194538,99
194539,65
194540,91
194541,75
194544,43
194546,86
194547,71
194548,32
194549,60
194550,46
194551,74
194556,72
194557,24
194558,93
194559,17
194561,60
194562,53
194563,45
194564,89
194565,59
194566,42
194571,24
194572,48
194573,65
194574,65
194602,104
194648,21
195758,88
195916,19
195977,75
195996,69
196000,97
196004,57
196005,33
196006,51
196029,28
196030,53
196031,19
196032,71
196058,67
196060,60
196061,44
196062,44
196063,26
196084,37
196085,30
196086,16
196108,24
196112,19
196113,44
196115,106
196116,17
196117,29
196118,34
196119,38
196120,37
196088,54
196121,19
196143,39
196150,56
196151,30
196152,47
196154,26
196175,24
196176,19
196177,15
196178,34
196194,24
196195,95
196196,46
196197,55
196212,56
196213,19
196214,140
196215,24
196217,34
196218,21
196220,74
196221,32
196235,21
196242,21
196276,81
196277,35
196281,30
196282,32
196283,20
196289,31
196291,41
196303,12
196304,42
196310,41
196311,15
196312,49
196315,13
196321,25
196322,57
196327,86
196219,71
196336,38
196339,47
196349,25
196350,63
196353,53
196359,37
196361,40
196363,26
196366,14
196367,33
196368,20
196371,18
196372,25
196373,27
196374,28
196375,16
196376,35
196378,24
196381,43
196385,45
196388,43
196391,45
196393,29
196395,29
196399,38
196401,43
196402,56
196404,29
196405,23
196407,45
196416,16
196420,43
196423,56
196426,58
196429,42
196432,76
196435,49
196438,68
196441,42
196500,53
196501,95
196503,45
196518,125
196519,18
196521,139
196523,23
196530,46
196542,32
196543,25
196544,27
196545,17
196546,21
196547,15
196548,31
196550,26
196561,7
196562,8
196563,48
196569,16
196570,126
196571,23
196572,12
196575,32
196582,40
196583,16
196584,23
196585,33
196586,10
196589,73
196594,21
196595,36
196596,30
196597,39
196598,22
196599,46
196606,99
196607,15
196608,94
196609,28
196611,43
196612,41
196613,15
196614,73
196615,21
196616,26
196617,139
196618,61
196619,18
196620,17
196621,114
196622,48
196623,109
196624,14
196625,125
196626,32
196627,19
196628,25
196630,103
196631,23
196632,138
196633,52
196634,54
196635,52
196640,19
196641,24
196642,69
196643,51
196644,105
196645,76
196646,117
196647,74
196648,107
196649,49
196655,173
196657,22
196665,50
196666,59
196629,26
196668,64
196669,63
196670,122
196678,74
196680,80
196681,41
196691,54
196692,94
196693,98
196694,79
196695,140
196696,124
196697,73
196698,63
196699,68
196708,106
196709,58
196710,79
196711,24
196714,46
196715,92
196727,55
196728,32
196729,158
196730,62
196731,190
196732,45
196740,46
196741,47
196742,96
196743,52
196745,37
196749,29
196758,104
196759,38
196760,54
196761,34
196762,65
196763,105
196765,50
196767,35
196770,43
196771,54
196772,129
196774,182
196775,57
196776,83
196777,97
196778,53
196780,185
196782,33
196783,160
196784,166
196785,58
196786,58
196788,55
196790,54
196794,57
196795,59
196802,121
196806,49
196810,80
196820,113
196822,52
196831,43
196833,35
196841,29
196844,33
196846,183
196848,44
196853,62
196855,6
196860,17
196865,45
196870,46
196872,28
196879,26
196881,68
196883,120
196891,33
196903,28
196905,60
196907,39
196911,49
196925,90
196927,122
196929,82
196936,124
196937,37
196938,16
196959,24
196955,64
196957,82
196982,73
197242,37
197243,60
197244,117
197245,72
197246,111
197377,40
197384,161
197386,42
197393,43
197406,111
197408,109
197410,95
197418,24
197419,124
197421,42
197434,50
197440,57
197454,48
197457,147
197460,68
197468,51
197490,24
197496,39
197504,46
197469,39
197486,38
197497,30
197510,49
197511,28
197517,49
197523,9
197524,35
197530,31
197533,44
197537,25
197538,51
197547,10
197550,27
197557,101
197558,46
197559,50
197566,40
197572,27
197573,43
197574,40
197575,30
197576,61
197577,49
197584,22
197588,94
197594,67
197595,22
197596,33
197597,67
197598,40
197601,178
197606,26
197607,28
197608,53
197609,49
197612,24
197613,44
197614,57
197618,41
197619,90
197623,53
197632,35
197644,103
197650,163
197654,14
197660,71
197664,20
197668,37
197672,9
197673,64
197677,42
197678,9
197679,29
197680,67
197681,60
197682,9
197683,46
197687,45
197689,78
197690,70
197691,103
197692,101
197693,87
197694,20
197695,21
197696,30
197697,27
197698,11
197701,55
197705,57
197706,24
197707,30
197708,40
197709,39
197710,12
197714,56
197719,34
197724,70
197726,97
197730,123
197738,81
197739,41
197740,34
197741,56
197744,82
197760,27
197761,11
197763,18
197766,96
197772,25
197773,15
197776,37
197777,51
197779,43
197782,40
197784,91
197790,17
197791,98
197792,38
197793,26
197794,30
197798,132
197800,38
197803,37
197810,33
197811,29
197812,54
197813,41
197814,29
197815,43
197817,161
197820,25
197822,54
197825,65
197832,27
197837,76
197839,38
197842,36
197848,10
197850,69
197855,5
197860,60
197867,9
197870,3
197872,29
197884,26
197885,14
197889,73
197892,45
197913,18
197917,53
197920,72
197928,34
197931,106
197935,57
197942,49
197944,60
197947,130
197949,40
197954,57
197960,25
197963,48
197968,34
197970,47
197983,60
197993,61
197875,19
197894,51
197897,35
197957,72
197974,24
197976,24
197998,19
198007,10
198010,51
198020,22
198022,27
198031,51
198039,72
198041,33
198064,40
198087,39
198089,23
198102,14
198104,17
198116,96
198118,25
198133,68
198135,59
198137,34
198139,18
198141,45
198143,33
198151,9
198153,43
198158,17
198160,27
198162,44
198169,24
198187,32
198209,40
198782,89
199252,55
199253,32
199258,57
199260,24
199263,75
199266,60
199269,33
199271,30
199276,25
199280,35
199283,96
199287,8
199289,23
199295,51
199298,76
199302,21
199306,22
199309,33
199310,38
199313,30
199316,60
199320,80
199324,16
199327,21
199329,38
199334,35
199339,39
199377,17
199437,62
199438,90
199455,101
199546,114
199614,51
199909,18
199911,24
199912,35
199914,26
199915,48
199916,44
199917,75
199918,30
199919,43
199920,68
199921,65
199922,20
199923,51
199924,14
199925,29
199926,80
199927,92
199928,67
199929,28
199930,35
199931,45
199932,71
199933,55
199934,33
199935,53
199936,52
199937,30
199938,35
199939,57
199940,51
199941,31
199942,41
199943,33
199944,39
199945,42
199946,47
199947,47
199948,38
199949,22
199950,26
199951,94
199952,33
199953,59
199954,33
199955,56
199956,15
199957,39
199958,56
199959,30
199960,38
199961,27
199962,30
199963,37
199964,33
199965,43
199966,67
199967,72
199968,38
200077,96
200081,28
200082,35
200083,29
200087,58
200088,52
200089,39
200090,30
200095,32
200096,35
200097,47
200098,40
200099,54
200105,34
200106,86
200107,62
200108,60
200109,3
200114,81
200115,34
200164,65
200166,81
200172,34
200187,101
200193,76
200197,46
200219,52
200226,57
200239,68
200247,43
200408,310
200409,580
200410,222
200411,186
200412,270
200413,278
200414,297
200416,297
200418,254
200420,206
200422,218
200424,160
201147,74
201151,105
201153,12
201348,120
201349,104
201350,71
201357,35
201358,39
201463,74
201518,103
201533,35
201543,248
201555,30
201558,52
201571,48
201574,92
201591,136
201606,62
201620,63
201633,23
201646,53
201660,30
201663,32
201677,89
201680,53
201693,121
201707,100
201710,31
201725,32
201728,63
201742,115
201770,27
201773,36
201783,52
201786,33
201919,31
201928,33
201930,91
201980,25
201981,14
201985,19
203179,69
203212,31
203228,19
203251,18
203269,14
203270,10
203589,35
203651,28
203724,49
203769,6
203793,66
203821,66
203843,24
203844,16
203916,65
203945,63
203946,100
203949,95
203950,87
203951,70
203957,29
203958,44
203959,39
204486,76
204537,25
204539,29
204588,46
204647,42
204648,46
204649,28
204650,22
204716,37
204729,31
204731,41
204842,46
204844,44
204903,72
204905,49
204975,15
205044,32
205046,34
205395,34
205396,24
205616,48
205621,20
205622,18
205623,22
205624,68
205625,32
205626,14
205633,26
205634,20
205636,25
205780,45
206291,25
206317,69
206318,26
206320,43
206321,28
206322,18
206324,34
206325,49
206326,40
206994,25
207400,183
207433,61
207434,53
207466,8
207497,13
207498,19
207499,22
207500,33
207545,60
207639,85
207640,89
207638,94
207702,49
207703,18
207704,98
209082,12
209092,12
209142,15
209143,26
209163,24
209169,28
209170,29
209818,5
209968,34
209969,90
210304,91
210342,42
210733,24
210734,72
210751,38
210752,38
210753,58
210754,20
211000,26
211002,17
211803,34
211832,22
211833,79
212093,41
212168,40
212169,39
212172,74
212173,62
212174,50
212178,112
212592,21
212593,39
212594,22
212595,66
212596,46
212607,24
212609,29
213165,97
213206,84
213207,123
214411,5
214447,7
214449,6
214451,33
214491,15
214492,29
214493,29
214494,38
214495,25
214941,20
215088,118
215089,76
215090,40
215091,31
215133,9
215382,24
215715,13
215717,31
215804,20
215899,75
215989,23
217538,53
217809,13
217851,94
217853,26
217876,22
217878,48
217989,160
218013,44
218062,15
218063,4
218107,92
218109,75
218136,81
218137,34
218139,87
218172,150
218173,91
218450,33
218478,43
218494,15
218495,19
218496,9
218513,29
218798,23
218857,102
218890,67
218891,129
218892,48
218921,22
218922,73
218923,31
218953,33
218954,20
218955,102
219079,86
219147,144
219247,41
219294,68
219296,130
219298,43
219394,77
219396,61
219420,78
219445,61
219447,129
219471,74
219601,89
219679,170
219681,22
219785,126
219787,82
219954,117
220014,33
220068,57
220070,107
220233,8
220235,26
220236,52
220237,42
220266,70
220306,22
220348,40
220349,21
220398,39
220425,14
220426,26
220427,30
220428,19
220436,20
220438,50
220461,39
220462,43
220463,42
220495,28
220496,62
220497,24
220498,52
220528,10
220529,45
220530,42
220531,48
220564,67
220565,57
220566,49
220567,59
220568,73
220569,42
220603,25
220604,67
220605,55
220606,40
220607,354
220628,118
220629,115
220630,78
220631,43
220632,86
220661,29
220662,215
id,deep
id,deep
220664,98
220694,110
220695,64
220696,28
220697,113
220723,30
220724,47
220725,55
220757,82
220758,41
220759,62
220760,71
220761,47
220792,114
220793,46
220794,38
220795,172
220819,85
220820,74
220821,53
220822,62
220843,42
220844,132
220845,91
220846,27
220847,60
220848,85
220873,53
220874,68
220875,55
220876,43
220877,61
220878,26
220908,101
220909,46
220910,41
220911,31
220912,71
220916,69
220940,33
220941,68
220942,59
220967,41
220968,39
220989,43
220991,18
220992,55
220993,37
220995,113
221032,55
221033,63
221034,47
221035,123
221036,26
221043,11
221055,49
221056,13
221057,39
221058,65
221059,70
221080,37
221081,52
221082,52
221098,26
221099,29
221114,45
221115,38
221129,22
221130,35
221131,61
221155,46
221156,46
221184,22
221185,32
221186,59
221187,27
221214,35
221406,29
221407,52
221408,84
221409,33
221410,71
221468,89
221525,31
221526,48
221527,127
221528,41
221597,50
221598,34
221599,58
221600,50
221652,50
221653,71
221654,40
221656,67
221706,75
221707,162
221708,63
221709,107
221710,42
221711,45
221761,23
221807,70
221759,101
221760,40
221762,140
221808,24
221809,42
221810,56
221811,42
221812,102
221865,41
221866,58
221867,84
221868,117
221869,109
221870,57
221904,93
221905,31
221944,58
221945,148
221946,34
221947,23
221948,20
221949,76
221950,33
221951,36
221981,61
221982,143
221984,54
221985,48
221986,41
221987,22
222021,74
222022,85
222023,37
222024,20
222026,35
222055,42
222056,27
222057,55
222059,136
222060,33
222083,42
222084,38
222085,96
222086,24
222087,21
222113,75
222114,15
222115,36
222117,56
222118,44
222150,103
222151,23
222152,98
222153,78
222154,22
222155,30
222183,57
222184,29
222185,31
222186,77
222187,22
222188,14
222208,2
222225,23
222226,52
222227,77
222228,83
222229,25
222253,26
222263,61
222264,64
222265,105
222266,31
222267,61
222268,47
222301,91
222302,29
222303,135
222304,26
222331,21
222332,74
222333,46
222334,36
222335,93
222355,39
222356,80
222357,32
222358,42
222359,52
222360,18
222371,17
222388,38
222389,18
222390,39
222392,29
222407,23
222428,29
222472,30
222473,23
222474,59
222475,31
222476,53
222477,16
222478,100
222520,39
222521,225
222522,59
222523,84
222579,26
222580,42
222581,20
222582,15
222583,22
222584,18
222647,49
222648,82
222649,17
222650,22
222651,41
222696,29
222697,52
222698,61
222699,14
222700,56
222746,49
222747,44
222748,80
222749,56
222750,128
222801,41
222802,50
222803,69
222804,66
222867,85
222868,63
222869,39
222870,85
222871,76
222926,27
222927,64
222928,46
222929,64
222968,70
222969,77
222970,53
222971,36
222972,50
223008,84
223009,57
223010,17
223011,22
223012,33
223037,36
223038,40
223072,50
223073,120
223074,39
223075,55
223076,42
223109,31
223110,66
223111,109
223112,84
223113,17
223141,49
223142,36
223143,19
223144,21
223145,10
223146,51
223147,18
223163,362
223180,20
223181,104
223182,48
223183,22
223184,45
223204,21
223205,50
223206,72
223207,58
223208,45
223232,50
223233,56
223254,67
223255,46
223256,31
223257,64
223258,30
223286,5
223295,41
223296,51
223297,82
223298,61
223299,48
223300,35
223301,43
223338,28
223339,28
223340,77
223341,101
223342,25
223343,53
223375,83
223376,52
223377,70
223378,48
223414,79
223415,38
223416,126
223417,31
223418,39
223419,134
223453,22
223454,41
223455,12
223456,33
223457,40
223458,45
223491,37
223492,130
223493,31
223494,27
223495,67
223522,71
223523,20
223524,41
223525,26
223561,49
223562,84
223563,41
223564,69
223565,90
223566,23
223586,42
223587,64
223588,22
223589,27
223590,32
223591,52
223618,48
223619,100
223620,42
223621,36
223646,36
223647,62
223648,35
223649,39
223680,54
223681,112
223683,53
223684,49
223685,96
223711,28
223712,80
223713,61
223714,139
223730,98
223731,11
223746,41
223748,77
223749,48
223750,32
223751,68
223870,30
223871,17
223872,38
223873,41
223874,34
223912,38
223913,31
223914,14
223915,30
223916,44
223968,19
224059,27
224060,24
224097,15
224467,55
224491,72
224514,84
224561,50
224562,30
224563,20
224578,83
224579,34
224580,36
224581,105
224596,12
224597,28
224640,40
224641,84
224657,33
224658,9
224672,13
224673,43
224674,39
224701,25
224793,64
224911,5
224913,28
224924,2
224961,15
224964,14
225607,85
225771,29
225774,55
225819,69
225824,26
225873,41
225877,21
225879,18
225916,10
225978,60
225980,10
226019,23
226021,10
226023,29
226060,18
226099,28
226129,16
226131,25
226161,64
226163,29
226194,26
226313,36
226349,14
226351,13
226353,17
226385,56
226387,34
226967,20
227474,70
227582,40
227692,36
227693,53
228695,22
228733,20
229375,122
229376,57
228647,22
228731,14
228732,17
228734,6
229603,10
230323,14
230340,26
230341,28
230353,36
230354,17
230356,22
230462,15
230603,121
230604,41
230639,20
230640,26
230641,37
230676,86
230677,76
231129,60
231131,29
231152,96
231172,41
231517,13
231574,116
231576,65
231628,78
231632,81
231680,71
231682,29
231812,152
232697,74
232698,106
233957,77
234876,102
234960,26
234961,22
235302,116
235305,38
235701,None
235702,78
235704,47
236041,50
236059,46
236062,26
236064,58
236084,34
236207,44
236236,35
236239,21
236823,60
237182,19
237301,78
237541,60
237543,28
237575,31
237576,36
237645,29
237679,15
237680,21
237717,42
237718,39
237719,50
238587,139
238588,63
238896,12
240076,3
240123,28
240124,None
240125,None
240126,15
240127,15
240182,44
240642,15
240645,95
240646,66
240647,56
240648,4
240690,54
240691,77
240933,40
240935,56
240936,78
240969,115
240970,108
241800,21
242004,89
242006,118
242028,38
242029,97
242030,13
242031,38
242045,76
242184,48
242214,52
242274,14
242432,75
242688,97
243105,38
243147,35
243149,17
243190,36
243192,17
243194,18
243305,18
243356,45
243392,31
243405,22
243429,49
243528,66
243558,27
243560,15
243562,28
243682,89
243909,98
243911,64
243986,49
243987,42
243988,28
243989,58
244069,36
244070,155
244071,56
244072,57
244428,30
244430,60
244455,75
244457,89
244760,66
244761,45
244798,100
244799,70
244800,24
245272,28
245274,20
245456,158
246100,17
246122,None
246123,41
246124,13
246125,53
247130,25
247176,44
247177,24
247255,20
247799,96
247838,58
248282,46
249152,6
249174,6
249179,44
249180,37
249181,36
249529,17
249576,36
249577,None
249578,29
249579,31
249617,None
250318,None
250327,28
250338,44
250339,57
250340,40
250344,44
250345,45
250346,20
250347,37
250410,7
250457,24
250459,None
250498,None
250802,59
250846,29
250847,45
250848,40
250849,52
250850,32
250963,78
250964,68
250995,95
250996,41
250997,87
251777,24
251781,33
252244,57
252542,36
252567,None
252568,77
252570,None
254046,11
254956,67
254982,58
255117,22
255154,29
255175,64
255231,50
255271,4
255319,24
256644,17
256645,66
256681,143
256703,151
256704,91
256726,167
256727,67
256728,62
256729,83
256730,75
257414,19
257416,30
257418,15
257445,27
257608,146
257794,48
257795,25
257796,56
257832,33
258320,32
262571,189
262615,31
262616,167
262617,48
262618,127
262651,62
262652,118
262653,57
262654,96
262691,29
262692,65
262693,54
262694,62
262792,75
262825,130
262843,106
262844,38
262878,19
262884,68
262910,171
262912,35
262972,67
263060,34
263062,95
263064,103
263095,76
263096,54
263097,112
263134,96
263137,30
263172,76
263208,127
263210,100
263228,37
263262,127
263263,80
263325,63
263363,86
263364,51
263408,90
263457,110
263501,108
263583,93
263611,46
263613,76
263643,97
263659,14
263660,17
263682,35
263683,26
263706,80
263723,60
263725,86
263742,44
263791,60
263807,14
263862,44
263864,None
263888,38
263890,115
263964,38
263987,117
263988,59
264102,45
264103,38
264137,107
264138,28
264139,43
264140,58
264141,54
264174,86
264205,24
264206,25
264207,62
264208,53
264209,40
264244,49
264245,33
264246,17
264247,31
264276,88
264287,24
264311,34
264312,17
264313,26
264729,53
264751,48
264770,139
264785,105
264824,45
264825,32
264843,52
264844,50
264845,115
265739,39
265740,75
265764,73
265765,30
265922,46
266331,43
266540,18
266698,29
266699,95
266711,37
266712,47
266713,112
266714,68
266839,117
266859,311
267148,67
267191,63
267513,46
267521,40
267522,28
267523,36
267536,100
267770,51
268902,149
268996,183
268998,64
269034,92
269036,136
269038,80
269431,94
269457,119
273261,24
273263,14
273473,179
275411,65
278299,60
278300,48
278301,12
278302,36
278303,37
278316,57
278317,62
278499,58
278514,19
278532,44
278558,83
278571,47
278627,13
281374,38
281383,40
281406,187
281528,61
281529,59
281530,22
281573,43
281575,142
281699,81
281701,42
281808,78
282007,39
282101,35
282205,34
282206,87
282207,61
282208,37
283267,49
283269,68
283296,39
283337,30
283363,39
283371,38
283372,63
283394,133
283401,31
283409,40
283412,34
283414,19
283415,37
283462,63
283533,32
283535,37
283544,34
283629,42
286248,28
286249,111
286265,92
286266,75
286267,90
286355,35
286391,59
286392,38
286393,11
286890,54
286892,79
286936,72
287338,39
287595,66
288666,34
288703,8
288705,65
288739,14
288966,40
289653,43
289654,36
289656,24
291154,28
291409,46
291514,60
293150,81
293158,116
293159,71
293160,29
293411,30
293660,69
293989,35
294049,31
294050,124
294051,106
294132,35
294133,185
294134,52
294135,51
294304,37
294305,20
294306,30
294307,64
294308,27
294369,74
294949,43
295021,31
295050,37
295053,30
295110,74
295172,89
295173,78
295201,60
296290,31
296305,79
296703,27
297753,67
297766,39
297778,40
297779,50
297824,15
297846,45
297864,60
297865,28
297866,61
297867,85
297868,93
297889,11
297903,175
297909,25
297910,22
297911,100
297934,79
297951,60
297987,57
297988,98
298125,102
298126,72
298127,73
298173,27
298174,42
298175,37
298227,50
298229,41
298230,88
298231,22
298237,47
298238,24
298239,95
298291,79
298292,62
298293,116
298294,133
298295,46
298302,46
298303,49
298305,24
298355,47
298356,112
298357,77
298358,27
298359,49
298361,39
298363,24
298364,49
298367,13
298370,53
298384,21
298386,22
298424,41
298425,26
298426,146
298427,61
298428,58
298429,57
298436,31
298439,43
298449,20
298487,30
298488,56
298495,122
298515,62
298516,55
298517,40
298519,18
298545,70
298546,38
298547,24
298548,36
298557,14
298571,41
298578,31
298584,16
298613,16
298614,92
298615,198
298616,79
298617,97
298623,46
298626,104
298654,11
298656,11
298658,20
298682,98
298683,93
298684,75
298685,43
298686,40
298687,56
298688,65
298691,54
298720,26
298722,21
298745,47
298746,32
298747,12
298748,16
298749,36
298750,69
298751,30
298753,15
298773,32
298775,29
298793,36
298794,44
298795,73
298798,29
298811,115
298813,55
298828,60
298829,70
298830,40
298831,79
298833,57
298850,12
298869,45
298870,55
298871,46
298872,63
298875,127
298916,54
298917,202
298918,36
298919,135
298920,50
298921,63
298924,21
298943,54
298945,14
298966,103
298967,89
298968,43
298969,69
298970,40
298971,42
298976,88
298990,50
299017,166
299018,33
299019,216
299020,66
299021,50
299024,33
299042,25
299074,126
299075,70
299076,39
299077,37
299079,27
299082,110
299125,23
299126,41
299127,67
299128,32
299129,194
299132,13
299179,35
299180,29
299181,43
299183,45
299199,55
299203,56
299239,42
299240,32
299241,65
299242,115
299244,26
299257,37
299298,137
299299,71
299300,99
299301,102
299302,59
299303,94
299322,44
299362,109
299363,66
299364,55
299365,30
299382,21
299424,52
299425,67
299426,44
299427,17
299428,29
299494,50
299496,22
299497,28
299561,22
299562,38
299564,59
299565,12
299620,32
299621,44
299622,15
299631,43
299661,15
299662,20
299663,55
299664,26
299665,8
299694,61
299695,54
299696,24
299697,26
299698,21
299749,43
299750,61
299751,95
299806,25
299807,27
299808,54
299810,57
299877,42
299878,36
299879,24
299880,35
299940,69
299941,45
299942,93
299943,53
299944,47
300011,160
300012,47
300013,33
300014,62
300015,32
300067,81
300068,55
300069,30
300070,51
300071,37
300072,37
300115,44
300116,44
300117,42
300118,71
300175,68
300176,20
300177,52
300178,113
300179,32
300230,58
300231,36
300232,33
300234,41
300286,25
300287,54
300288,51
300289,91
300290,57
300354,61
300355,55
300356,27
300357,125
300404,19
300405,36
300406,61
300407,62
300408,31
300409,56
300470,25
300471,75
300472,62
300473,25
300474,175
300534,62
300535,60
300536,77
300537,84
300538,63
300539,82
300589,46
300590,60
300591,50
300592,23
300593,51
300640,32
300641,9
300642,59
300643,36
300644,55
300685,53
300686,16
300687,44
300688,114
300689,15
300733,32
300734,54
300735,30
300736,82
300737,18
300738,114
300778,25
300779,23
300825,78
300826,40
300827,68
300875,117
300878,50
300879,29
300911,37
300912,48
300913,39
300914,71
300948,34
300949,186
300950,42
300951,33
300979,48
300980,17
300981,47
300982,47
300983,49
301014,38
301015,69
301016,48
301017,96
301018,59
301051,46
301052,27
301053,12
301054,7
301055,69
301056,34
301089,18
301090,44
301091,21
301092,31
301093,20
301129,29
301130,27
301131,14
301132,96
301133,23
301134,94
301168,66
301169,42
301170,35
301171,105
301202,46
301203,122
301204,41
301205,20
301206,72
301207,76
301232,39
301233,17
301234,64
301235,145
301236,66
301237,75
301249,57
301260,67
301261,69
301262,75
301263,64
301264,40
301276,122
301277,104
301278,51
301280,95
301292,39
301293,61
301294,20
301295,146
301296,74
301304,19
301305,101
301306,66
301314,75
301315,67
301316,60
301317,19
301318,26
301323,122
301325,30
301326,20
301338,23
301339,29
301340,64
301341,110
301342,74
301343,79
301350,27
301351,51
301358,93
301359,30
301360,58
301361,95
301362,50
301364,37
301365,58
301366,52
301367,44
301376,81
301377,51
301378,46
301379,69
301380,55
301383,None
301391,32
301392,77
301393,67
301397,61
301398,20
301399,80
301400,118
301401,47
301407,46
301411,66
301412,98
301416,128
301418,66
301421,41
301422,70
301423,33
301424,63
301425,77
301427,55
301428,81
301429,53
301430,40
301448,39
301449,223
301450,41
301451,41
301452,33
301453,38
301454,35
301474,24
301475,55
301476,20
301477,73
301483,48
301501,21
301503,13
301504,59
301505,19
301506,28
301507,55
301508,51
301509,41
301510,59
301511,66
301531,56
301532,62
301533,46
301534,59
301535,42
301536,64
301537,91
301538,49
301539,59
301540,55
301541,49
301559,81
301561,84
301563,25
301564,50
301565,74
301566,48
301567,47
301569,37
301570,44
301571,81
301572,83
301605,102
301607,117
301609,48
301610,97
301611,110
301612,58
301613,113
301614,18
301615,42
301616,77
301617,59
301619,52
301654,78
301660,36
301661,16
301662,34
301663,62
301664,55
301665,36
301666,60
301667,44
301716,74
301717,30
301718,39
301719,40
301720,21
301721,62
301722,77
301723,27
301724,48
301771,73
301772,46
301773,100
301774,134
301775,62
301776,45
301777,72
301778,61
301779,46
301780,81
301843,20
301844,74
301845,50
301846,38
301847,68
301848,44
301849,47
301851,74
301852,45
301910,30
301911,89
301912,52
301913,64
301914,29
301915,55
301916,45
301917,65
301918,32
301919,48
301965,107
301972,27
301973,43
301974,27
301975,39
301976,82
301977,47
301978,52
301979,49
301980,31
301981,44
302038,27
302046,56
302047,51
302048,46
302049,116
302050,34
302051,39
302052,26
302053,68
302054,47
302055,46
302056,55
302106,65
302108,45
302115,41
302116,36
302117,18
302118,26
302119,109
302120,97
302121,41
302122,28
302123,48
302124,65
302181,56
302188,67
302189,39
302190,47
302191,59
302192,53
302194,54
302195,54
302196,21
302197,39
302250,29
302251,61
302252,73
302253,77
302254,106
302255,52
302256,59
302257,56
302258,84
302259,42
302300,33
302301,13
302302,53
302303,53
302304,74
302305,15
302306,80
302307,75
302308,64
302309,42
302370,42
302371,53
302372,37
302373,48
302374,74
302375,53
302376,65
302377,66
302378,115
302434,32
302435,61
302436,72
302437,22
302438,48
302486,131
302488,55
302494,23
302495,57
302496,31
302498,111
302499,29
302534,88
302535,68
302570,31
302571,21
302572,37
302573,68
302596,64
302621,62
302678,79
302764,35
302765,46
302766,25
302767,19
302768,24
302791,24
302792,41
302794,35
302818,77
302834,26
302814,52
302836,33
302862,58
302864,68
302868,28
302869,41
302888,98
303038,44
303104,89
303129,101
303130,63
303153,182
303154,172
303155,139
303173,53
303190,29
303191,60
303215,23
303240,91
303243,42
303244,149
303245,38
303269,49
303271,42
303274,77
303304,97
303336,198
303337,18
303363,34
303364,38
303365,27
303366,48
303367,31
303368,16
303390,30
303391,5
303392,35
303393,42
303394,39
303417,23
303418,16
303499,58
303501,59
303539,61
303540,67
303541,13
303577,25
303578,79
303579,46
303612,35
303613,26
303715,126
303747,35
303767,83
303768,88
303775,22
303776,13
303777,143
303801,101
303802,185
303846,8
303847,16
303848,18
303872,29
303889,28
303891,9
303892,37
303893,51
303936,37
303937,24
303964,94
303965,48
303985,52
303986,55
303987,37
303989,33
304003,21
304004,36
304005,27
304006,42
304850,52
304851,28
304852,32
304855,187
304885,88
304886,34
304952,27
305018,73
305106,137
305205,227
305274,73
305330,50
305384,176
305388,74
305465,81
305510,82
305552,60
305556,66
305589,120
305613,34
305630,46
305644,30
305664,45
307926,63
307927,43
307945,125
307999,16
308000,22
308001,39
308002,46
308927,30
308957,94
308979,None
308981,18
309038,18
309074,13
309097,14
309134,22
309135,101
309173,91
311583,15
311770,9
311771,12
311772,11
312617,79
312644,97
312648,59
312699,40
312721,211
312723,34
312792,47
312794,37
312796,48
312797,32
312869,80
312870,26
312872,106
312929,125
312931,103
312932,69
313002,74
313070,55
313074,72
313515,30
313516,31
313517,58
313518,119
313574,28
314253,59
314389,13
314440,61
314465,78
314485,16
314546,63
314586,52
314684,53
315131,16
316929,43
318978,38
320118,18
323073,41
323147,27
325332,12
328490,58
328498,91
328499,125
328553,66
328556,68
328569,91
328573,27
328622,24
328629,63
328633,41
328636,52
328640,35
328675,73
328690,52
328693,40
328728,48
328731,81
328750,58
328753,51
328757,58
328816,59
328819,50
328840,134
328915,175
328937,9
328941,55
328946,117
329032,62
329035,60
329057,39
329167,82
329170,42
329192,27
329306,60
329329,90
329447,19
329471,60
329595,52
329617,38
329729,40
329732,25
329752,41
329852,44
329855,60
329875,27
329971,39
330064,54
330150,32
330153,51
330258,46
330261,42
330341,54
330344,21
330384,62
330426,42
330548,53
330766,18
330900,37
331063,51
331066,61
331232,53
331395,131
331398,60
331523,78
331611,50
331721,71
331831,69
331834,66
331871,59
331874,16
331887,68
331894,50
331905,28
331915,112
331918,45
331925,24
331931,39
331934,39
332002,28
332020,16
332034,50
332096,54
332160,181
332209,78
332212,30
332213,23
332231,14
332250,77
332267,49
332268,144
332293,11
332336,48
332337,91
332338,12
332342,18
332343,19
332411,51
332413,27
332415,94
332419,15
332420,27
332438,102
332484,15
332485,20
332499,96
332514,57
332519,49
332521,27
332522,20
332534,23
332537,76
332574,10
332578,72
332614,25
332617,128
332661,33
332664,22
332698,31
332701,96
332704,51
332780,22
332805,22
332826,30
332854,46
332895,21
332899,40
332958,16
332962,19
332989,11
333021,28
333054,23
333058,8
333093,27
333156,29
333186,19
333217,29
333252,39
333287,10
333317,15
333329,18
333356,33
333378,17
333404,19
333426,23
333463,23
333492,27
333528,14
333532,19
333576,11
333617,16
333670,44
333716,18
333736,None
333770,17
333821,17
333921,22
334028,23
334032,15
334321,28
334562,11
334667,12
334924,28
334999,45
335033,36
335072,51
335121,38
335205,44
335245,19
335277,None
335331,None
335356,None
335360,None
335385,None
335408,None
335434,None
335460,None
335464,None
335490,None
335514,None
335540,None
335570,None
335605,None
335634,None
335663,None
335688,None
335707,None
335735,None
335760,None
335788,None
335826,30
335854,78
335892,30
335926,50
335957,66
335961,128
335998,49
336036,25
336065,19
336093,52
336123,53
336127,34
336159,28
336189,26
336218,61
336243,34
336272,46
336276,34
336303,39
336333,20
336363,25
336391,29
336422,28
336444,26
336471,23
336489,26
336509,33
336534,17
336647,None
336672,37
336698,25
336722,31
336753,36
336782,23
336809,26
336814,58
336845,82
336880,41
336911,67
336912,16
336916,41
336940,63
336943,86
336965,27
337023,42
337060,50
337062,169
337063,20
337087,40
337088,26
337089,79
337090,76
337125,43
337159,68
337187,38
337191,31
337217,68
337251,17
337281,34
337308,12
337336,38
337362,25
337394,25
337427,127
337429,103
337430,68
337431,32
337469,25
337473,34
337525,29
337529,38
337559,65
337583,85
337608,49
337612,50
337630,18
337632,52
337656,32
337685,21
337689,26
337722,32
337726,12
337762,25
337796,41
337825,26
337829,34
337854,44
337880,32
337905,46
337927,48
337931,35
337954,34
337978,23
338007,50
338037,28
338041,34
338073,26
338642,17
338660,11
338682,19
338713,26
338747,17
338751,21
338787,19
338818,5
338847,21
338851,14
338878,14
338915,21
338953,13
338983,13
338987,16
339022,22
339064,10
339129,9
339133,10
339182,19
339229,14
339279,16
339283,16
339318,15
339364,36
339393,13
339417,43
339437,12
339451,26
339455,40
339457,14
339458,62
339471,21
339497,22
339503,43
339631,91
339673,23
339674,51
339675,36
339676,41
339677,50
339719,115
339720,65
339721,45
339723,16
339751,11
339779,46
339780,60
339781,86
339782,26
339821,40
339822,67
339823,34
339824,15
339825,44
339862,30
339863,63
339866,41
339889,71
339890,60
339891,41
339892,39
339924,125
339925,119
339926,53
339927,18
339954,24
339955,82
339956,37
339957,49
339991,35
339992,164
339993,49
339994,201
339995,206
340019,24
340020,27
340021,85
340023,39
340070,42
340071,30
340072,71
340073,33
340074,102
340135,49
340136,84
340138,51
340139,26
340204,19
340205,39
340206,49
340207,80
340241,27
340281,130
340282,28
340283,100
340284,67
340315,34
340354,59
340355,32
340356,99
340357,83
340358,93
340393,46
340432,25
340433,41
340435,13
340436,55
340470,29
340474,38
340511,22
340512,71
340513,43
340514,48
340546,43
340573,81
340574,25
340575,45
340576,7
340608,28
340641,40
340642,22
340643,20
340644,25
340645,152
340673,57
340701,100
340702,126
340703,80
340704,126
340705,81
340729,69
340752,52
340753,70
340755,94
340767,26
340791,65
340792,13
340793,43
340794,24
340795,40
340806,26
340818,21
340819,40
340822,26
340826,85
340832,87
340833,53
340834,46
340835,54
340836,104
340840,11
340841,21
340842,20
340843,46
340844,95
340845,48
340846,53
340850,54
340851,96
340852,116
340853,58
340855,39
340868,33
340890,43
340909,33
340926,103
340930,11
340950,15
340970,21
340985,44
341005,56
341018,56
341036,64
341040,54
341061,15
341081,15
341096,21
341104,30
341111,49
341128,62
341137,36
341145,47
341151,55
341158,40
341167,14
341171,15
341182,42
341186,38
341236,12
341248,10
341252,28
341276,11
341280,34
341284,8
341288,18
341292,38
341296,40
341300,38
341304,46
341308,20
341312,32
341320,44
341324,36
341336,20
341340,27
341344,16
341364,23
341368,11
341372,19
341376,9
341380,22
341384,7
341388,38
341392,14
341396,43
341408,11
341412,17
341416,60
341420,13
341424,7
341428,12
341432,20
341490,42
341498,31
341502,31
341510,26
341522,43
341526,39
341550,21
341606,36
341614,21
341618,45
341622,42
341630,28
341634,23
341638,19
341642,32
341646,35
341650,31
341654,44
341658,25
341662,32
341666,34
341670,31
341674,35
341773,69
341788,34
346214,98
346222,92
346228,58
346230,74
346236,63
346238,164
346245,88
346251,85
346253,81
346276,20
346278,36
346280,27
346282,46
346284,18
346286,29
346288,28
346290,35
346292,23
346294,12
346296,84
346304,59
346306,134
346308,65
346310,58
346314,88
346316,99
346320,88
346323,53
346325,100
346327,84
346329,69
346334,31
346336,56
346338,95
346342,62
346346,31
346348,69
346350,36
346354,163
346355,53
346357,49
346362,33
346364,27
346366,98
346370,70
346373,71
346375,68
346377,62
346379,79
346381,120
346383,95
346387,59
346390,49
346394,94
346395,47
346397,54
346402,78
346403,130
346405,61
346407,77
346411,54
346413,44
346420,45
346418,87
346422,43
346423,42
346426,30
346430,33
346435,49
346437,88
346439,84
346443,164
346465,22
346467,23
346468,75
346471,63
346477,39
346481,51
346482,95
346483,69
346484,113
346485,41
346486,62
346487,86
346494,47
346496,40
346498,41
346499,101
346500,69
346502,28
346509,40
346511,42
346513,33
346514,104
346515,135
346516,36
346517,98
346518,44
346521,33
346528,21
346530,32
346532,42
346533,171
346534,48
346535,68
346536,140
346539,41
346545,85
346546,181
346547,121
346548,139
346550,28
346553,97
346558,200
346559,139
346560,65
346561,73
346562,36
346564,59
346570,176
346571,153
346572,32
346573,66
346574,53
346577,103
346582,67
346583,138
346584,40
346585,172
346586,78
346590,128
346597,31
346598,109
346603,88
346604,159
346609,81
346610,67
346611,65
346630,170
346634,19
346637,42
346638,53
346642,95
346646,67
346649,29
346656,40
346659,42
346666,102
346668,10
346673,21
346681,58
346684,114
346690,51
346692,31
346695,20
346696,90
346697,51
346699,67
346706,48
346708,61
346710,88
346712,97
346713,31
346724,118
346733,24
346735,55
346737,60
346740,68
346749,39
346752,63
346758,23
346760,48
346762,43
346764,26
346765,23
346773,39
346777,40
346779,157
346781,100
346783,20
346786,16
346794,46
346802,87
346804,90
346811,18
346816,50
346818,73
346819,77
346833,35
346835,87
346840,38
346841,28
346842,28
346858,62
346860,90
346862,35
346864,32
346865,35
346866,106
346867,45
346868,35
346874,46
346876,101
346878,25
346883,91
346885,64
346888,22
346889,37
346890,13
346891,113
346893,49
346895,13
346896,44
346901,18
346905,54
346907,140
346913,22
346915,34
346922,35
346924,112
346926,185
346930,69
346932,88
346934,73
346936,85
346938,40
346940,59
346942,50
346944,66
346946,50
346948,65
346950,106
346952,19
346954,72
346956,22
346958,60
346960,49
346962,62
346964,11
346966,20
346968,34
346970,100
347007,49
347010,33
347024,80
347039,78
352919,33
374611,20
374612,48
374613,49
374614,44
374615,48
374620,34
374622,47
374623,36
374626,55
374627,38
374698,35
374700,62
374702,16
374704,42
374758,14
374761,92
374762,46
374763,167
374764,30
374765,15
374766,72
374772,40
374815,38
374820,48
374827,67
374834,53
374837,65
374841,33
374842,65
374844,36
374847,36
374848,87
374852,33
374853,32
374855,16
374856,39
374857,75
374859,82
374862,44
374864,48
374869,39
374870,41
374871,42
374874,32
374877,35
374881,76
374882,61
374883,64
374885,12
374886,195
374887,51
374894,48
374896,27
374897,9
374900,27
374901,64
374904,22
374907,36
374909,134
374910,24
374911,63
375087,27
375091,35
375092,65
375099,20
375101,38
375161,54
375165,47
375166,65
375185,53
375210,60
375211,28
375212,46
375213,87
375223,29
375239,46
375241,32
375242,114
375264,98
375296,49
375302,50
375328,101
375377,35
375411,18
375862,21
375884,32
376997,80
377073,84
378241,38
378441,55
378459,62
378555,33
378660,97
378663,26
378668,40
378768,44
378777,39
378780,34
378850,58
378853,58
378860,85
378924,59
378933,73
378937,82
378999,40
379005,29
379059,116
379062,233
379084,35
379089,9
379093,40
379113,85
379114,98
379116,152
379121,49
379128,78
379134,69
379138,34
379185,109
379198,165
379202,36
379203,80
379209,25
379211,55
379228,49
379230,36
379237,27
379252,43
379255,51
379258,38
379287,49
379290,28
379331,14
379333,53
379338,25
379341,30
379346,37
379352,42
379359,59
379365,42
379379,48
379380,69
379381,86
379389,23
379398,61
379403,31
379406,31
379408,83
379424,222
379453,96
379485,31
379532,31
379539,10
379542,57
379547,31
379550,17
379558,13
379564,47
379567,19
379587,7
379589,15
379592,34
379596,27
379598,31
379599,75
379607,66
379609,55
379622,95
379624,94
379625,25
379626,46
379627,33
379630,118
379634,45
379668,115
379671,56
379697,26
379700,46
379762,42
379765,66
379768,32
379789,81
379801,75
379803,36
379805,44
379837,38
379840,83
379854,43
379858,35
379864,42
379881,53
379882,43
379890,37
379895,58
379910,53
379964,102
379967,13
379969,34
379972,89
379977,34
379980,55
379990,117
380006,171
380008,55
380011,48
380015,49
380040,36
380045,44
380049,58
380052,71
380060,184
380065,39
380068,37
380071,39
380086,58
380087,78
380088,31
380089,52
380090,32
380091,148
380096,51
380106,40
380123,25
380126,36
380137,209
380140,175
380148,72
380176,36
380181,44
380189,26
380192,19
380198,64
380201,36
380213,45
380215,116
380217,25
380220,22
380223,34
380229,70
380240,62
380252,108
380261,35
380264,47
380265,48
380267,61
380268,37
380275,25
380280,24
380298,17
380301,16
380312,85
380315,80
380323,14
380327,123
380329,15
380334,58
380337,82
380342,62
380343,124
380346,68
380350,25
380358,55
380362,129
380367,40
380369,52
380371,58
380374,33
380385,117
380392,62
380395,27
380398,50
380409,77
380410,35
380402,26
380429,16
380431,30
380435,15
380438,52
380442,11
380444,72
380448,42
380454,14
380456,23
380463,69
380464,46
380465,80
380466,53
380467,45
380483,38
380493,26
380496,22
380498,33
380501,97
380510,68
380513,50
380518,14
380528,58
380534,10
380540,109
380543,28
380545,110
380546,27
380550,20
380555,52
380556,74
380557,42
380560,25
380563,53
380572,24
380576,34
380579,7
380584,29
380588,89
380591,64
380600,45
380605,26
380608,93
380610,123
380613,60
380614,6
380618,21
380621,51
380624,30
380627,65
380631,49
380632,25
380634,108
380638,37
380642,26
380644,103
380647,19
380654,56
380655,92
380666,83
380672,77
380678,62
380689,60
380694,55
380696,33
380700,51
380701,20
380702,45
380713,162
380721,40
380726,91
380730,13
380731,94
380732,34
380752,99
380757,59
380760,15
380781,15
380788,70
380798,90
380804,39
380813,43
380823,19
380825,82
380826,5
380827,85
380828,96
380838,28
380854,58
380882,40
380885,12
380889,64
380892,67
380902,20
380905,27
380907,40
380910,45
380919,60
380922,51
380927,53
380931,41
380938,10
380954,19
380972,160
380999,93
381003,33
381025,42
381036,12
381045,83
381051,14
381062,28
381067,11
381071,86
381072,46
381073,21
381074,83
381110,189
381112,38
381115,85
381119,41
381136,33
381146,60
381158,61
381179,31
381183,35
381210,52
381216,73
381219,56
381233,35
381312,53
381327,50
381340,41
381393,30
381399,71
381401,24
381463,144
381466,13
381469,33
381472,144
381543,22
381598,33
381602,41
381605,37
381709,17
381741,10
381785,51
382885,16
383074,33
383143,98
383146,36
383259,45
383321,35
383337,55
383338,63
383340,28
383388,73
383390,31
383392,37
383428,65
383431,93
383457,97
383469,6
383471,33
383478,46
383486,32
383488,114
383490,60
383491,74
383493,125
383495,47
383498,27
383505,58
383508,68
383522,65
383532,71
383533,49
383559,52
383563,41
383587,26
383601,6
383603,22
383605,64
383606,33
383629,2
383630,56
383646,13
383647,95
383653,46
383674,21
383701,155
383718,81
383725,27
383730,66
383750,39
383753,64
383757,45
383761,24
383762,160
383766,27
383767,115
383771,51
383774,47
383780,66
383781,26
383783,173
383785,37
383792,94
383795,62
383800,123
383811,50
383821,49
383832,41
383835,35
383838,27
383841,73
383844,30
383847,130
383850,40
383853,44
383857,40
383862,28
383863,40
383884,26
383886,61
383888,15
383889,29
383891,59
383892,29
383893,17
384045,70
384046,25
384054,44
384111,22
384112,30
384273,15
384275,42
384294,59
384324,53
384470,98
384530,67
384640,61
386338,20
386974,27
387003,61
387075,136
387153,None
387215,None
387218,57
387255,32
387257,10
387259,52
387264,49
387266,43
387306,103
387307,32
387308,66
387309,43
387344,31
387345,80
387346,31
387347,35
387353,27
387355,80
387356,134
387357,112
387404,38
387405,33
387406,25
387407,74
387417,138
387418,74
387419,53
387420,119
387478,94
387479,63
387480,24
387481,24
387543,51
387545,58
387610,49
387611,34
387612,105
387613,31
387614,64
387694,73
387695,18
387766,27
387767,48
387768,213
387769,31
387836,13
387837,45
387838,19
387839,74
387907,62
387908,30
387909,78
387910,47
387911,80
387912,68
387967,174
387968,54
387969,95
387970,62
388019,40
388020,95
388021,78
388076,90
388077,37
388078,16
388079,35
388132,28
388133,80
388134,60
388135,14
388136,40
388193,46
388194,33
388195,23
388196,33
388197,60
388237,80
388239,17
388240,23
388241,37
388284,48
